index,id,target
2.133000000000000000e+03,2.133000000000000000e+03,2.792479909279119155e-01
6.389000000000000000e+03,6.389000000000000000e+03,2.451781416294985805e-01
4.496000000000000000e+03,4.496000000000000000e+03,5.095303385035289123e-01
2.400000000000000000e+03,2.400000000000000000e+03,3.075531826997169316e-01
4.519000000000000000e+03,4.519000000000000000e+03,2.348073352905367950e-01
2.844000000000000000e+03,2.844000000000000000e+03,3.454456923446342365e-01
2.959000000000000000e+03,2.959000000000000000e+03,4.016825363542943506e-01
2.262000000000000000e+03,2.262000000000000000e+03,2.419223772242707071e-01
7.173000000000000000e+03,7.173000000000000000e+03,5.311370998151726530e-02
5.742000000000000000e+03,5.742000000000000000e+03,2.410735331283843652e-01
8.550000000000000000e+02,8.550000000000000000e+02,5.924004708494689381e-02
1.796000000000000000e+03,1.796000000000000000e+03,2.153719167010080815e-01
2.144000000000000000e+03,2.144000000000000000e+03,2.455647398476859811e-01
6.564000000000000000e+03,6.564000000000000000e+03,1.839427775315958524e-01
9.000000000000000000e+00,9.000000000000000000e+00,2.944973139974704779e-02
3.580000000000000000e+02,3.580000000000000000e+02,4.328042712540053349e-02
2.982000000000000000e+03,2.982000000000000000e+03,1.413740609153031347e-01
2.408000000000000000e+03,2.408000000000000000e+03,1.465474342535242613e-01
3.788000000000000000e+03,3.788000000000000000e+03,1.409965167418633369e-01
4.255000000000000000e+03,4.255000000000000000e+03,4.390288880528298576e-01
1.578000000000000000e+03,1.578000000000000000e+03,1.690642420163830928e-01
5.920000000000000000e+02,5.920000000000000000e+02,1.813570597537824958e-01
3.630000000000000000e+02,3.630000000000000000e+02,3.633440499042366878e-01
4.013000000000000000e+03,4.013000000000000000e+03,1.919978249044868579e-01
4.060000000000000000e+03,4.060000000000000000e+03,2.057949345668890762e-01
2.200000000000000000e+02,2.200000000000000000e+02,3.935370706245683303e-01
1.071000000000000000e+03,1.071000000000000000e+03,2.162427817005312669e-01
5.118000000000000000e+03,5.118000000000000000e+03,1.583690882978030234e-01
5.816000000000000000e+03,5.816000000000000000e+03,1.467751359771800324e-01
2.358000000000000000e+03,2.358000000000000000e+03,2.648201883591682071e-01
5.869000000000000000e+03,5.869000000000000000e+03,1.540199726805312197e-01
8.187000000000000000e+03,8.187000000000000000e+03,2.224773009516259614e-01
5.340000000000000000e+03,5.340000000000000000e+03,-4.535235587495164804e-03
7.621000000000000000e+03,7.621000000000000000e+03,6.937238871327883194e-02
2.719000000000000000e+03,2.719000000000000000e+03,7.645283154999145403e-02
7.662000000000000000e+03,7.662000000000000000e+03,2.217197328062994188e-01
7.079000000000000000e+03,7.079000000000000000e+03,-4.369832752356335448e-02
1.570000000000000000e+03,1.570000000000000000e+03,7.743477338444935965e-02
2.931000000000000000e+03,2.931000000000000000e+03,1.392422650902155612e-01
5.474000000000000000e+03,5.474000000000000000e+03,2.622444740214260328e-01
2.888000000000000000e+03,2.888000000000000000e+03,6.364167435824100334e-03
4.808000000000000000e+03,4.808000000000000000e+03,1.774216377367795472e-01
1.232000000000000000e+03,1.232000000000000000e+03,1.500265940012288635e-01
1.111000000000000000e+03,1.111000000000000000e+03,1.723655033540899550e-01
6.112000000000000000e+03,6.112000000000000000e+03,3.569307202011648417e-01
6.961000000000000000e+03,6.961000000000000000e+03,1.331853863401177840e-01
6.856000000000000000e+03,6.856000000000000000e+03,2.696333278401284450e-01
4.001000000000000000e+03,4.001000000000000000e+03,2.456521196952770325e-01
7.813000000000000000e+03,7.813000000000000000e+03,2.511186861484651089e-01
4.895000000000000000e+03,4.895000000000000000e+03,2.626516834212093143e-01
2.266000000000000000e+03,2.266000000000000000e+03,2.055626876434105688e-01
6.694000000000000000e+03,6.694000000000000000e+03,7.692676523833709423e-02
1.076000000000000000e+03,1.076000000000000000e+03,2.172149605267908734e-01
4.339000000000000000e+03,4.339000000000000000e+03,2.754129848729029995e-01
2.006000000000000000e+03,2.006000000000000000e+03,1.996945365793487137e-02
5.284000000000000000e+03,5.284000000000000000e+03,1.527185735154359403e-01
4.587000000000000000e+03,4.587000000000000000e+03,2.657703103213333584e-01
4.743000000000000000e+03,4.743000000000000000e+03,1.543530806140331058e-01
1.673000000000000000e+03,1.673000000000000000e+03,1.522379879894039112e-01
3.396000000000000000e+03,3.396000000000000000e+03,2.685947389538413943e-01
3.679000000000000000e+03,3.679000000000000000e+03,1.268588846438618023e-01
4.569000000000000000e+03,4.569000000000000000e+03,2.422536389636259779e-01
6.730000000000000000e+02,6.730000000000000000e+02,2.156664366433394264e-01
1.090000000000000000e+02,1.090000000000000000e+02,1.663565739149814315e-01
5.630000000000000000e+03,5.630000000000000000e+03,1.572071347843255751e-01
5.703000000000000000e+03,5.703000000000000000e+03,2.748510940646458622e-01
4.200000000000000000e+03,4.200000000000000000e+03,1.200780853443485507e-01
4.997000000000000000e+03,4.997000000000000000e+03,2.080425781235541727e-01
5.713000000000000000e+03,5.713000000000000000e+03,2.370916206506861468e-01
5.207000000000000000e+03,5.207000000000000000e+03,2.764744852894967519e-01
7.854000000000000000e+03,7.854000000000000000e+03,1.815296519727583047e-01
1.406000000000000000e+03,1.406000000000000000e+03,2.436664406580006936e-01
3.073000000000000000e+03,3.073000000000000000e+03,9.398711487190870850e-02
3.117000000000000000e+03,3.117000000000000000e+03,1.627842113517644351e-01
3.103000000000000000e+03,3.103000000000000000e+03,8.342109254599544554e-02
6.794000000000000000e+03,6.794000000000000000e+03,-3.542802269012899213e-02
3.916000000000000000e+03,3.916000000000000000e+03,5.880625845734476637e-02
1.681000000000000000e+03,1.681000000000000000e+03,3.859862932301035832e-01
6.454000000000000000e+03,6.454000000000000000e+03,2.784798391803366968e-01
3.790000000000000000e+02,3.790000000000000000e+02,1.060942039005089155e-01
1.162000000000000000e+03,1.162000000000000000e+03,2.055439565191646556e-01
3.564000000000000000e+03,3.564000000000000000e+03,1.527764243074978268e-01
6.223000000000000000e+03,6.223000000000000000e+03,-5.512839966007409762e-03
1.866000000000000000e+03,1.866000000000000000e+03,2.401690566667621651e-01
5.540000000000000000e+02,5.540000000000000000e+02,3.938568019359128258e-01
7.898000000000000000e+03,7.898000000000000000e+03,2.012247881217509582e-01
8.630000000000000000e+02,8.630000000000000000e+02,1.378559575145205385e-01
7.651000000000000000e+03,7.651000000000000000e+03,2.494533876211164902e-01
3.840000000000000000e+03,3.840000000000000000e+03,2.089951582671576991e-01
6.029000000000000000e+03,6.029000000000000000e+03,3.217638676341595394e-01
2.180000000000000000e+03,2.180000000000000000e+03,1.673692387132390547e-01
6.080000000000000000e+02,6.080000000000000000e+02,2.198988579195645388e-01
7.551000000000000000e+03,7.551000000000000000e+03,-4.043515465027213568e-02
5.683000000000000000e+03,5.683000000000000000e+03,2.219389795438535540e-01
5.925000000000000000e+03,5.925000000000000000e+03,1.224361303790953009e-01
1.345000000000000000e+03,1.345000000000000000e+03,3.164464799474793200e-01
4.663000000000000000e+03,4.663000000000000000e+03,2.969097683798483378e-01
3.266000000000000000e+03,3.266000000000000000e+03,1.702993941494708730e-01
4.216000000000000000e+03,4.216000000000000000e+03,1.729881014131965655e-01
5.820000000000000000e+03,5.820000000000000000e+03,2.233451584961269609e-01
3.458000000000000000e+03,3.458000000000000000e+03,2.753534008795245347e-01
3.136000000000000000e+03,3.136000000000000000e+03,2.792524198368795951e-01
1.807000000000000000e+03,1.807000000000000000e+03,2.377372656510190196e-01
7.731000000000000000e+03,7.731000000000000000e+03,-3.139407632362558459e-02
1.554000000000000000e+03,1.554000000000000000e+03,2.418910428785682187e-01
4.666000000000000000e+03,4.666000000000000000e+03,2.714160712935972386e-01
4.707000000000000000e+03,4.707000000000000000e+03,2.851526136717791871e-01
5.589000000000000000e+03,5.589000000000000000e+03,3.511163289779390961e-01
2.604000000000000000e+03,2.604000000000000000e+03,2.324123890709295648e-01
5.385000000000000000e+03,5.385000000000000000e+03,1.491496371461381587e-01
5.660000000000000000e+02,5.660000000000000000e+02,1.612818728997472695e-02
2.410000000000000000e+02,2.410000000000000000e+02,-1.896004755579875911e-01
1.196000000000000000e+03,1.196000000000000000e+03,2.353934634319791164e-01
6.788000000000000000e+03,6.788000000000000000e+03,2.910195715078355283e-01
8.760000000000000000e+02,8.760000000000000000e+02,3.260845953431259492e-01
5.124000000000000000e+03,5.124000000000000000e+03,3.263902967655647469e-01
2.192000000000000000e+03,2.192000000000000000e+03,1.299772297358067763e-01
5.041000000000000000e+03,5.041000000000000000e+03,1.373761181613599169e-01
2.599000000000000000e+03,2.599000000000000000e+03,1.911749100677264945e-01
3.390000000000000000e+03,3.390000000000000000e+03,1.199308545605264481e-01
5.173000000000000000e+03,5.173000000000000000e+03,-6.263205818070715757e-04
5.430000000000000000e+02,5.430000000000000000e+02,2.848748452356009153e-01
4.208000000000000000e+03,4.208000000000000000e+03,2.077004760725069954e-01
6.917000000000000000e+03,6.917000000000000000e+03,3.566454315076310333e-02
4.011000000000000000e+03,4.011000000000000000e+03,4.380749243416505734e-01
1.801000000000000000e+03,1.801000000000000000e+03,1.950597631884948002e-01
3.126000000000000000e+03,3.126000000000000000e+03,1.867661932936718061e-01
7.161000000000000000e+03,7.161000000000000000e+03,4.893228120812491699e-01
3.080000000000000000e+03,3.080000000000000000e+03,2.041863908325221577e-01
8.149000000000000000e+03,8.149000000000000000e+03,2.604989688683883031e-01
4.370000000000000000e+03,4.370000000000000000e+03,4.499476699805408930e-02
7.585000000000000000e+03,7.585000000000000000e+03,5.388389014947825469e-03
7.746000000000000000e+03,7.746000000000000000e+03,2.909629499137756370e-01
3.955000000000000000e+03,3.955000000000000000e+03,1.478554514469423153e-01
6.867000000000000000e+03,6.867000000000000000e+03,4.044924673964751527e-01
5.822000000000000000e+03,5.822000000000000000e+03,4.588878801676711805e-01
5.292000000000000000e+03,5.292000000000000000e+03,1.105641604637957742e-01
4.278000000000000000e+03,4.278000000000000000e+03,9.386236504316620988e-02
5.069000000000000000e+03,5.069000000000000000e+03,1.980649477105913825e-01
3.247000000000000000e+03,3.247000000000000000e+03,3.203196137104306063e-01
1.656000000000000000e+03,1.656000000000000000e+03,3.012422968524084976e-01
1.663000000000000000e+03,1.663000000000000000e+03,2.661305941899710925e-01
1.276000000000000000e+03,1.276000000000000000e+03,2.008980473988363213e-01
6.611000000000000000e+03,6.611000000000000000e+03,2.251570098115126817e-01
2.797000000000000000e+03,2.797000000000000000e+03,1.068658888381129185e-01
5.681000000000000000e+03,5.681000000000000000e+03,3.137545651131772306e-01
4.374000000000000000e+03,4.374000000000000000e+03,5.099870870014545643e-01
4.720000000000000000e+03,4.720000000000000000e+03,2.414483704700816358e-01
4.017000000000000000e+03,4.017000000000000000e+03,2.902121234639523650e-01
4.317000000000000000e+03,4.317000000000000000e+03,1.849810014404003056e-01
1.212000000000000000e+03,1.212000000000000000e+03,7.667552561818372081e-02
4.891000000000000000e+03,4.891000000000000000e+03,2.143800144633614957e-01
6.146000000000000000e+03,6.146000000000000000e+03,1.326351742025595748e-01
8.165000000000000000e+03,8.165000000000000000e+03,9.660597897810506429e-02
6.181000000000000000e+03,6.181000000000000000e+03,6.881737310113529571e-02
5.324000000000000000e+03,5.324000000000000000e+03,7.604141186094852400e-02
6.830000000000000000e+02,6.830000000000000000e+02,2.322778640593979871e-01
6.257000000000000000e+03,6.257000000000000000e+03,2.015284028796102689e-01
7.468000000000000000e+03,7.468000000000000000e+03,2.961919394065670730e-01
1.269000000000000000e+03,1.269000000000000000e+03,1.444754366283908797e-01
7.775000000000000000e+03,7.775000000000000000e+03,1.302087889693971379e-01
1.884000000000000000e+03,1.884000000000000000e+03,2.632417213032749448e-01
3.212000000000000000e+03,3.212000000000000000e+03,2.627990535877310907e-01
1.096000000000000000e+03,1.096000000000000000e+03,1.198948884662764253e-01
6.387000000000000000e+03,6.387000000000000000e+03,1.428242337344289292e-01
3.743000000000000000e+03,3.743000000000000000e+03,2.033628110691558799e-01
1.734000000000000000e+03,1.734000000000000000e+03,2.472267105990129943e-01
3.770000000000000000e+03,3.770000000000000000e+03,2.051344873901718158e-01
6.941000000000000000e+03,6.941000000000000000e+03,3.591757123645599181e-01
2.644000000000000000e+03,2.644000000000000000e+03,2.735467675675078425e-01
7.929000000000000000e+03,7.929000000000000000e+03,1.458270107946394445e-01
3.033000000000000000e+03,3.033000000000000000e+03,2.411743133197093159e-01
1.577000000000000000e+03,1.577000000000000000e+03,1.470345815500961606e-01
7.410000000000000000e+03,7.410000000000000000e+03,2.648133875307514540e-01
4.521000000000000000e+03,4.521000000000000000e+03,2.217673519452113273e-01
6.254000000000000000e+03,6.254000000000000000e+03,-4.695784678966423431e-02
3.832000000000000000e+03,3.832000000000000000e+03,1.675231220142631428e-01
4.670000000000000000e+03,4.670000000000000000e+03,1.044079017490817246e-01
5.851000000000000000e+03,5.851000000000000000e+03,3.082535655465162144e-02
7.880000000000000000e+02,7.880000000000000000e+02,3.049508794684818724e-01
2.480000000000000000e+03,2.480000000000000000e+03,2.433682058127761005e-01
3.435000000000000000e+03,3.435000000000000000e+03,1.793215345055687582e-01
1.336000000000000000e+03,1.336000000000000000e+03,2.476353673428211277e-01
1.756000000000000000e+03,1.756000000000000000e+03,1.517991900270851402e-01
3.973000000000000000e+03,3.973000000000000000e+03,3.037785180025903697e-01
6.040000000000000000e+03,6.040000000000000000e+03,2.025732533896900389e-01
2.309000000000000000e+03,2.309000000000000000e+03,1.209071460876428722e-01
5.162000000000000000e+03,5.162000000000000000e+03,1.572095336456390546e-01
1.426000000000000000e+03,1.426000000000000000e+03,3.457123569864858359e-01
5.884000000000000000e+03,5.884000000000000000e+03,2.893755123764489134e-04
3.090000000000000000e+02,3.090000000000000000e+02,1.771083502325069559e-01
6.898000000000000000e+03,6.898000000000000000e+03,9.110941309676792721e-02
3.780000000000000000e+02,3.780000000000000000e+02,1.006748764375753474e-01
1.172000000000000000e+03,1.172000000000000000e+03,6.692319892469331122e-02
3.780000000000000000e+03,3.780000000000000000e+03,1.790563821121917698e-01
4.656000000000000000e+03,4.656000000000000000e+03,3.901434604622820435e-01
8.133000000000000000e+03,8.133000000000000000e+03,1.161028664538103217e-01
5.980000000000000000e+02,5.980000000000000000e+02,1.824391474099966437e-01
5.823000000000000000e+03,5.823000000000000000e+03,1.680945433292443947e-01
3.835000000000000000e+03,3.835000000000000000e+03,-4.807936541430216267e-03
7.308000000000000000e+03,7.308000000000000000e+03,1.146864324449994588e-01
7.425000000000000000e+03,7.425000000000000000e+03,2.331193907078002170e-01
1.305000000000000000e+03,1.305000000000000000e+03,2.968135666602960687e-01
3.960000000000000000e+03,3.960000000000000000e+03,3.105254240269016974e-01
3.990000000000000000e+02,3.990000000000000000e+02,2.591651160935460330e-01
5.647000000000000000e+03,5.647000000000000000e+03,2.496134835302508681e-01
5.009000000000000000e+03,5.009000000000000000e+03,2.304257296160454882e-01
6.308000000000000000e+03,6.308000000000000000e+03,2.475000690868828235e-01
8.152000000000000000e+03,8.152000000000000000e+03,1.599359604753660680e-01
2.981000000000000000e+03,2.981000000000000000e+03,-1.378092645885094572e-02
1.851000000000000000e+03,1.851000000000000000e+03,1.463902090915884524e-01
7.200000000000000000e+03,7.200000000000000000e+03,2.214090870270485623e-01
5.160000000000000000e+02,5.160000000000000000e+02,1.181891625477757835e-01
1.737000000000000000e+03,1.737000000000000000e+03,2.014645126664071084e-01
4.180000000000000000e+02,4.180000000000000000e+02,5.216324510386247115e-02
2.105000000000000000e+03,2.105000000000000000e+03,2.453492761822274881e-01
3.200000000000000000e+03,3.200000000000000000e+03,1.445471398863917845e-01
6.842000000000000000e+03,6.842000000000000000e+03,1.505794307868249249e-01
1.474000000000000000e+03,1.474000000000000000e+03,2.464158453028783557e-01
7.599000000000000000e+03,7.599000000000000000e+03,2.939848660777509282e-01
2.137000000000000000e+03,2.137000000000000000e+03,1.123306065811905813e-01
6.793000000000000000e+03,6.793000000000000000e+03,1.417974588905486777e-01
1.532000000000000000e+03,1.532000000000000000e+03,1.489898369145404855e-01
1.603000000000000000e+03,1.603000000000000000e+03,1.611209346594523126e-02
6.402000000000000000e+03,6.402000000000000000e+03,4.466539238226485686e-01
2.740000000000000000e+03,2.740000000000000000e+03,3.923266076904791677e-01
4.437000000000000000e+03,4.437000000000000000e+03,4.030605279782530914e-01
3.416000000000000000e+03,3.416000000000000000e+03,6.610443316043651540e-02
7.600000000000000000e+02,7.600000000000000000e+02,1.810753000981046856e-01
2.125000000000000000e+03,2.125000000000000000e+03,2.017201335810139273e-01
4.236000000000000000e+03,4.236000000000000000e+03,9.471154937482825775e-02
2.649000000000000000e+03,2.649000000000000000e+03,2.609603954423168060e-01
2.320000000000000000e+03,2.320000000000000000e+03,3.463696474037323281e-01
1.718000000000000000e+03,1.718000000000000000e+03,1.014020976085786424e-01
4.145000000000000000e+03,4.145000000000000000e+03,1.568354382943694947e-01
5.694000000000000000e+03,5.694000000000000000e+03,2.897713326309690474e-01
7.561000000000000000e+03,7.561000000000000000e+03,3.268385640798118774e-01
2.288000000000000000e+03,2.288000000000000000e+03,2.245141159685461463e-01
3.087000000000000000e+03,3.087000000000000000e+03,3.777741799981652604e-01
5.271000000000000000e+03,5.271000000000000000e+03,2.373603581135410312e-01
6.609000000000000000e+03,6.609000000000000000e+03,1.703781461711624812e-01
1.585000000000000000e+03,1.585000000000000000e+03,7.201743832463128325e-02
2.629000000000000000e+03,2.629000000000000000e+03,1.850823566697543665e-01
6.553000000000000000e+03,6.553000000000000000e+03,1.152610833269027829e-01
3.154000000000000000e+03,3.154000000000000000e+03,2.685998958882617749e-01
6.596000000000000000e+03,6.596000000000000000e+03,2.931676188752061485e-01
4.525000000000000000e+03,4.525000000000000000e+03,2.234625961979860576e-01
5.172000000000000000e+03,5.172000000000000000e+03,1.686314848794762122e-01
5.717000000000000000e+03,5.717000000000000000e+03,2.352409667256126768e-01
2.499000000000000000e+03,2.499000000000000000e+03,1.433512238939132211e-01
4.197000000000000000e+03,4.197000000000000000e+03,3.580210641393808402e-01
2.642000000000000000e+03,2.642000000000000000e+03,2.125220377922514836e-01
3.845000000000000000e+03,3.845000000000000000e+03,8.170292648773440358e-02
7.188000000000000000e+03,7.188000000000000000e+03,3.470023461420732036e-01
5.608000000000000000e+03,5.608000000000000000e+03,1.633232592154493790e-01
2.147000000000000000e+03,2.147000000000000000e+03,6.931107785730955713e-03
5.435000000000000000e+03,5.435000000000000000e+03,1.403762408567876541e-01
1.536000000000000000e+03,1.536000000000000000e+03,1.591311118550989556e-01
6.244000000000000000e+03,6.244000000000000000e+03,2.604640347684016866e-01
1.892000000000000000e+03,1.892000000000000000e+03,8.132635572159147008e-02
3.696000000000000000e+03,3.696000000000000000e+03,2.376727755880143067e-01
7.555000000000000000e+03,7.555000000000000000e+03,2.336537814057079165e-01
7.793000000000000000e+03,7.793000000000000000e+03,2.686071259415463985e-01
8.023000000000000000e+03,8.023000000000000000e+03,6.034294520705078824e-02
4.292000000000000000e+03,4.292000000000000000e+03,1.922308084974012898e-01
3.704000000000000000e+03,3.704000000000000000e+03,3.271554382049041143e-01
7.570000000000000000e+03,7.570000000000000000e+03,2.704322890312141348e-01
7.994000000000000000e+03,7.994000000000000000e+03,1.399295128364808904e-01
6.475000000000000000e+03,6.475000000000000000e+03,2.880194551306426987e-01
1.946000000000000000e+03,1.946000000000000000e+03,1.174007590912684029e-01
2.777000000000000000e+03,2.777000000000000000e+03,3.367862855097362718e-01
7.940000000000000000e+02,7.940000000000000000e+02,4.222950494157173273e-01
3.288000000000000000e+03,3.288000000000000000e+03,1.476592248943400243e-01
4.146000000000000000e+03,4.146000000000000000e+03,2.249435289858403020e-01
1.109000000000000000e+03,1.109000000000000000e+03,4.366264075099577924e-01
1.163000000000000000e+03,1.163000000000000000e+03,9.189517384997886174e-02
1.634000000000000000e+03,1.634000000000000000e+03,2.221639771771594107e-01
4.804000000000000000e+03,4.804000000000000000e+03,1.709806185329569572e-01
4.512000000000000000e+03,4.512000000000000000e+03,2.730559436697407860e-01
3.095000000000000000e+03,3.095000000000000000e+03,1.722445570209242827e-01
4.914000000000000000e+03,4.914000000000000000e+03,-1.217248053069326513e-01
7.537000000000000000e+03,7.537000000000000000e+03,1.529182189883289966e-01
3.268000000000000000e+03,3.268000000000000000e+03,8.775926638264291979e-02
4.434000000000000000e+03,4.434000000000000000e+03,2.090262265782767415e-01
9.830000000000000000e+02,9.830000000000000000e+02,3.087701005867804493e-01
2.978000000000000000e+03,2.978000000000000000e+03,3.385624620219945258e-01
4.274000000000000000e+03,4.274000000000000000e+03,2.849885399973324795e-01
4.426000000000000000e+03,4.426000000000000000e+03,4.614706113118076380e-02
6.236000000000000000e+03,6.236000000000000000e+03,8.947455707484915088e-02
7.338000000000000000e+03,7.338000000000000000e+03,2.100781178635667545e-01
3.411000000000000000e+03,3.411000000000000000e+03,8.409736480713082829e-02
1.488000000000000000e+03,1.488000000000000000e+03,1.886341902342722754e-01
5.566000000000000000e+03,5.566000000000000000e+03,2.398881768462929609e-01
6.858000000000000000e+03,6.858000000000000000e+03,2.068860650654045230e-01
5.467000000000000000e+03,5.467000000000000000e+03,7.672221578844283518e-02
5.744000000000000000e+03,5.744000000000000000e+03,1.450956087370902925e-01
7.745000000000000000e+03,7.745000000000000000e+03,2.707643549684495277e-01
2.311000000000000000e+03,2.311000000000000000e+03,5.426567511042491160e-02
2.183000000000000000e+03,2.183000000000000000e+03,1.646618325987089515e-01
5.338000000000000000e+03,5.338000000000000000e+03,1.057083720076138350e-01
1.099000000000000000e+03,1.099000000000000000e+03,1.189862643334942405e-01
2.331000000000000000e+03,2.331000000000000000e+03,2.591459979810938341e-01
2.742000000000000000e+03,2.742000000000000000e+03,1.941023190370057272e-01
4.926000000000000000e+03,4.926000000000000000e+03,2.441651833613336375e-01
5.870000000000000000e+02,5.870000000000000000e+02,1.763311016340345372e-01
4.700000000000000000e+01,4.700000000000000000e+01,5.832052660112677957e-03
7.870000000000000000e+02,7.870000000000000000e+02,1.856796628217269873e-01
5.617000000000000000e+03,5.617000000000000000e+03,7.519054509885608750e-02
3.703000000000000000e+03,3.703000000000000000e+03,1.747323750760884642e-01
2.233000000000000000e+03,2.233000000000000000e+03,2.045146052683061155e-01
6.575000000000000000e+03,6.575000000000000000e+03,-8.931356054620526175e-02
2.751000000000000000e+03,2.751000000000000000e+03,9.848430768675701941e-02
3.902000000000000000e+03,3.902000000000000000e+03,5.313952332005993373e-01
7.600000000000000000e+03,7.600000000000000000e+03,1.535514521619041617e-01
1.856000000000000000e+03,1.856000000000000000e+03,2.457286980110878483e-01
4.586000000000000000e+03,4.586000000000000000e+03,7.249336184676065387e-02
3.031000000000000000e+03,3.031000000000000000e+03,2.343671609377678822e-01
5.687000000000000000e+03,5.687000000000000000e+03,-4.600775581248626317e-02
3.558000000000000000e+03,3.558000000000000000e+03,2.363277840494819038e-01
3.348000000000000000e+03,3.348000000000000000e+03,1.619122218770412680e-01
3.334000000000000000e+03,3.334000000000000000e+03,3.902604091195704950e-01
6.779000000000000000e+03,6.779000000000000000e+03,1.498968777641391248e-01
7.222000000000000000e+03,7.222000000000000000e+03,1.648260013821916670e-01
2.068000000000000000e+03,2.068000000000000000e+03,2.612300685861450589e-01
7.709000000000000000e+03,7.709000000000000000e+03,2.776201047691039259e-01
7.977000000000000000e+03,7.977000000000000000e+03,2.123971475554201627e-01
5.761000000000000000e+03,5.761000000000000000e+03,2.882785639749098627e-01
3.349000000000000000e+03,3.349000000000000000e+03,2.271506683392169601e-01
2.998000000000000000e+03,2.998000000000000000e+03,2.618925566019471574e-01
4.767000000000000000e+03,4.767000000000000000e+03,2.657218900123314298e-01
6.672000000000000000e+03,6.672000000000000000e+03,3.715036364805868185e-01
4.990000000000000000e+03,4.990000000000000000e+03,1.068917551266622967e-01
1.147000000000000000e+03,1.147000000000000000e+03,1.762793631357823798e-01
4.463000000000000000e+03,4.463000000000000000e+03,4.173051205056554358e-01
7.483000000000000000e+03,7.483000000000000000e+03,1.928867451668017999e-02
3.433000000000000000e+03,3.433000000000000000e+03,2.079476035365420694e-01
7.889000000000000000e+03,7.889000000000000000e+03,9.964650177250485019e-02
6.535000000000000000e+03,6.535000000000000000e+03,1.620171921856770891e-02
3.723000000000000000e+03,3.723000000000000000e+03,2.934986114798177059e-01
2.620000000000000000e+03,2.620000000000000000e+03,1.740847804809694532e-01
5.198000000000000000e+03,5.198000000000000000e+03,2.985802003114786385e-01
7.142000000000000000e+03,7.142000000000000000e+03,2.523411315845406899e-01
4.560000000000000000e+02,4.560000000000000000e+02,1.657425843368774687e-02
1.340000000000000000e+02,1.340000000000000000e+02,8.837729943350020045e-02
6.276000000000000000e+03,6.276000000000000000e+03,1.080482312474036616e-01
7.243000000000000000e+03,7.243000000000000000e+03,8.107865087210364141e-02
2.531000000000000000e+03,2.531000000000000000e+03,4.488509571909432561e-01
5.068000000000000000e+03,5.068000000000000000e+03,3.788631504917167603e-01
3.100000000000000000e+01,3.100000000000000000e+01,2.477022709395931832e-01
1.759000000000000000e+03,1.759000000000000000e+03,2.944261239027434751e-02
7.134000000000000000e+03,7.134000000000000000e+03,5.462475520398923229e-02
5.424000000000000000e+03,5.424000000000000000e+03,2.180349022726285335e-01
5.067000000000000000e+03,5.067000000000000000e+03,2.529935084551940827e-01
4.481000000000000000e+03,4.481000000000000000e+03,3.788367647954350437e-01
5.525000000000000000e+03,5.525000000000000000e+03,2.654806189283157036e-01
2.234000000000000000e+03,2.234000000000000000e+03,1.725647618452269272e-01
5.488000000000000000e+03,5.488000000000000000e+03,2.550190743068080357e-01
2.221000000000000000e+03,2.221000000000000000e+03,2.885355152763814379e-01
1.296000000000000000e+03,1.296000000000000000e+03,2.199002845620319502e-01
2.027000000000000000e+03,2.027000000000000000e+03,2.441739661566686426e-01
7.287000000000000000e+03,7.287000000000000000e+03,2.860983239437273062e-01
6.850000000000000000e+02,6.850000000000000000e+02,4.968140147088566383e-02
9.060000000000000000e+02,9.060000000000000000e+02,7.422665143646643704e-02
2.748000000000000000e+03,2.748000000000000000e+03,2.431169560592879031e-01
8.870000000000000000e+02,8.870000000000000000e+02,1.637362771203039746e-01
2.462000000000000000e+03,2.462000000000000000e+03,9.296076197955184528e-02
4.316000000000000000e+03,4.316000000000000000e+03,1.612334260961666710e-01
5.204000000000000000e+03,5.204000000000000000e+03,3.177819957779698945e-01
6.688000000000000000e+03,6.688000000000000000e+03,2.724631455891711185e-01
4.241000000000000000e+03,4.241000000000000000e+03,1.509370850965745248e-01
6.980000000000000000e+03,6.980000000000000000e+03,7.615866953986336063e-02
1.615000000000000000e+03,1.615000000000000000e+03,1.823491447069357507e-01
4.917000000000000000e+03,4.917000000000000000e+03,-1.525389410586384595e-02
5.973000000000000000e+03,5.973000000000000000e+03,2.625053719757590165e-01
3.024000000000000000e+03,3.024000000000000000e+03,1.323613418941877173e-01
5.936000000000000000e+03,5.936000000000000000e+03,7.178194841785624780e-02
1.070000000000000000e+03,1.070000000000000000e+03,3.418993801775062069e-01
3.463000000000000000e+03,3.463000000000000000e+03,2.303814725776722194e-01
7.842000000000000000e+03,7.842000000000000000e+03,2.239791885932593818e-01
6.598000000000000000e+03,6.598000000000000000e+03,9.422174204858468904e-03
7.046000000000000000e+03,7.046000000000000000e+03,2.881270372787417822e-01
4.938000000000000000e+03,4.938000000000000000e+03,4.551093810261848116e-01
3.134000000000000000e+03,3.134000000000000000e+03,2.049804678959344095e-01
8.160000000000000000e+02,8.160000000000000000e+02,2.747694864396860170e-01
4.893000000000000000e+03,4.893000000000000000e+03,1.316774790692664121e-01
6.300000000000000000e+01,6.300000000000000000e+01,1.828448829678296361e-01
5.089000000000000000e+03,5.089000000000000000e+03,5.869312737026197158e-02
4.826000000000000000e+03,4.826000000000000000e+03,2.438090281614434529e-01
4.892000000000000000e+03,4.892000000000000000e+03,2.577649799327518809e-01
3.600000000000000000e+03,3.600000000000000000e+03,1.451564860458146033e-01
3.834000000000000000e+03,3.834000000000000000e+03,1.763195226301439156e-01
6.775000000000000000e+03,6.775000000000000000e+03,7.696393341935466037e-02
4.736000000000000000e+03,4.736000000000000000e+03,1.101851672976718599e-01
4.733000000000000000e+03,4.733000000000000000e+03,1.466938976547027818e-01
3.367000000000000000e+03,3.367000000000000000e+03,2.054697158668257750e-01
6.998000000000000000e+03,6.998000000000000000e+03,2.286571338517651708e-01
1.702000000000000000e+03,1.702000000000000000e+03,1.706034629088364341e-01
4.551000000000000000e+03,4.551000000000000000e+03,1.723522592882278104e-01
1.040000000000000000e+02,1.040000000000000000e+02,2.800293828460117540e-01
6.892000000000000000e+03,6.892000000000000000e+03,2.500709611225531703e-01
7.447000000000000000e+03,7.447000000000000000e+03,2.056840873032389494e-01
5.007000000000000000e+03,5.007000000000000000e+03,1.893729451553394505e-01
5.847000000000000000e+03,5.847000000000000000e+03,3.253173069509634474e-01
7.041000000000000000e+03,7.041000000000000000e+03,2.487793509605801812e-01
7.343000000000000000e+03,7.343000000000000000e+03,2.789645901764719049e-01
6.968000000000000000e+03,6.968000000000000000e+03,3.322980961945107281e-01
5.784000000000000000e+03,5.784000000000000000e+03,1.711191492544621162e-01
4.187000000000000000e+03,4.187000000000000000e+03,1.846922741282945313e-01
1.121000000000000000e+03,1.121000000000000000e+03,1.818398852743746408e-01
5.878000000000000000e+03,5.878000000000000000e+03,1.675991966351811913e-01
4.413000000000000000e+03,4.413000000000000000e+03,7.102142347491724461e-02
2.155000000000000000e+03,2.155000000000000000e+03,2.812038806923848888e-01
5.640000000000000000e+02,5.640000000000000000e+02,4.202902726682257173e-01
5.561000000000000000e+03,5.561000000000000000e+03,2.536282617400946182e-01
8.096000000000000000e+03,8.096000000000000000e+03,3.270535723400246342e-01
7.925000000000000000e+03,7.925000000000000000e+03,1.301746225652945232e-01
4.511000000000000000e+03,4.511000000000000000e+03,1.291021281551769928e-01
6.843000000000000000e+03,6.843000000000000000e+03,9.007565750149876260e-02
6.800000000000000000e+01,6.800000000000000000e+01,1.372846316242607445e-01
3.923000000000000000e+03,3.923000000000000000e+03,2.611029221907073539e-01
4.936000000000000000e+03,4.936000000000000000e+03,3.731767334121489088e-01
3.501000000000000000e+03,3.501000000000000000e+03,1.378596652033977077e-01
4.096000000000000000e+03,4.096000000000000000e+03,3.810521126482103171e-01
2.008000000000000000e+03,2.008000000000000000e+03,3.400571741298468731e-01
2.395000000000000000e+03,2.395000000000000000e+03,-6.994150788879620328e-02
1.101000000000000000e+03,1.101000000000000000e+03,2.673290845233722846e-01
1.258000000000000000e+03,1.258000000000000000e+03,3.913946180004658770e-01
1.238000000000000000e+03,1.238000000000000000e+03,9.126218685566342415e-02
2.017000000000000000e+03,2.017000000000000000e+03,2.217676263316521734e-01
1.430000000000000000e+03,1.430000000000000000e+03,7.176177878173019276e-02
4.558000000000000000e+03,4.558000000000000000e+03,4.322165592667477629e-02
3.566000000000000000e+03,3.566000000000000000e+03,1.941975503458015506e-01
7.877000000000000000e+03,7.877000000000000000e+03,2.171478825283846281e-01
2.754000000000000000e+03,2.754000000000000000e+03,-4.299017562463863101e-02
5.596000000000000000e+03,5.596000000000000000e+03,2.421632820885362136e-01
3.528000000000000000e+03,3.528000000000000000e+03,1.612932981475594385e-01
5.236000000000000000e+03,5.236000000000000000e+03,2.051967073088741267e-01
7.670000000000000000e+02,7.670000000000000000e+02,1.987469260184434594e-01
7.055000000000000000e+03,7.055000000000000000e+03,3.613703001431984307e-01
5.601000000000000000e+03,5.601000000000000000e+03,3.013270391013552763e-01
1.979000000000000000e+03,1.979000000000000000e+03,2.715269463546614581e-01
3.013000000000000000e+03,3.013000000000000000e+03,4.455353629404248950e-01
4.336000000000000000e+03,4.336000000000000000e+03,2.752853859474715947e-01
1.367000000000000000e+03,1.367000000000000000e+03,3.242120160454136091e-01
4.577000000000000000e+03,4.577000000000000000e+03,3.253800068939978751e-01
3.974000000000000000e+03,3.974000000000000000e+03,3.917847554603447469e-01
6.717000000000000000e+03,6.717000000000000000e+03,3.367607120888300165e-01
3.940000000000000000e+03,3.940000000000000000e+03,2.492373003178592616e-01
2.209000000000000000e+03,2.209000000000000000e+03,2.471269583435865835e-01
4.584000000000000000e+03,4.584000000000000000e+03,5.644430356047785979e-02
5.247000000000000000e+03,5.247000000000000000e+03,-5.052959446922012515e-03
6.144000000000000000e+03,6.144000000000000000e+03,2.560233962127177465e-01
7.366000000000000000e+03,7.366000000000000000e+03,3.597124287540910959e-01
4.941000000000000000e+03,4.941000000000000000e+03,2.116724756167990829e-01
6.219000000000000000e+03,6.219000000000000000e+03,2.745819094935967319e-01
7.569000000000000000e+03,7.569000000000000000e+03,1.500539118498314395e-01
1.460000000000000000e+02,1.460000000000000000e+02,1.712747056239272703e-01
5.401000000000000000e+03,5.401000000000000000e+03,1.543082252819748812e-01
2.255000000000000000e+03,2.255000000000000000e+03,2.273072728120253960e-01
3.331000000000000000e+03,3.331000000000000000e+03,1.850594000194465405e-01
6.033000000000000000e+03,6.033000000000000000e+03,1.316815503764170447e-01
5.543000000000000000e+03,5.543000000000000000e+03,2.136170861677303412e-01
4.114000000000000000e+03,4.114000000000000000e+03,1.825439429945249215e-01
3.839000000000000000e+03,3.839000000000000000e+03,2.768409915622409567e-01
3.749000000000000000e+03,3.749000000000000000e+03,2.341124985047877138e-01
1.079000000000000000e+03,1.079000000000000000e+03,1.950960864294577490e-01
5.606000000000000000e+03,5.606000000000000000e+03,1.723366684030310514e-01
6.520000000000000000e+02,6.520000000000000000e+02,-2.463503473677773267e-02
5.667000000000000000e+03,5.667000000000000000e+03,7.661027753396554285e-02
2.904000000000000000e+03,2.904000000000000000e+03,1.222976072368776312e-01
2.380000000000000000e+03,2.380000000000000000e+03,9.327320141657116648e-03
5.086000000000000000e+03,5.086000000000000000e+03,3.370353999588525662e-01
3.109000000000000000e+03,3.109000000000000000e+03,5.200817213453333698e-01
1.620000000000000000e+03,1.620000000000000000e+03,4.337747996412738005e-01
3.563000000000000000e+03,3.563000000000000000e+03,2.729101909522659297e-01
1.780000000000000000e+03,1.780000000000000000e+03,1.084862990469003946e-01
8.067000000000000000e+03,8.067000000000000000e+03,1.265667703958562318e-01
5.281000000000000000e+03,5.281000000000000000e+03,2.706595557284209863e-01
5.959000000000000000e+03,5.959000000000000000e+03,1.653782855267615648e-01
5.256000000000000000e+03,5.256000000000000000e+03,2.285559897903221560e-01
4.976000000000000000e+03,4.976000000000000000e+03,2.252868109557834009e-01
6.016000000000000000e+03,6.016000000000000000e+03,2.525060318707118001e-01
7.949000000000000000e+03,7.949000000000000000e+03,3.060314219023966831e-01
6.337000000000000000e+03,6.337000000000000000e+03,1.147550127808259629e-01
4.363000000000000000e+03,4.363000000000000000e+03,2.815869777470075830e-01
4.260000000000000000e+03,4.260000000000000000e+03,2.926474349883940729e-01
6.603000000000000000e+03,6.603000000000000000e+03,2.006028931926438497e-01
5.034000000000000000e+03,5.034000000000000000e+03,2.604455676149151633e-01
4.454000000000000000e+03,4.454000000000000000e+03,4.196349847451925075e-01
5.522000000000000000e+03,5.522000000000000000e+03,4.066581006798423714e-01
1.612000000000000000e+03,1.612000000000000000e+03,1.385847962296850311e-01
1.037000000000000000e+03,1.037000000000000000e+03,1.233936879216366439e-01
2.113000000000000000e+03,2.113000000000000000e+03,1.457758059380569460e-01
4.682000000000000000e+03,4.682000000000000000e+03,4.082363909339807306e-01
6.588000000000000000e+03,6.588000000000000000e+03,2.176741701868084300e-01
2.594000000000000000e+03,2.594000000000000000e+03,1.719948733050009892e-01
5.909000000000000000e+03,5.909000000000000000e+03,2.357366147323274042e-01
2.643000000000000000e+03,2.643000000000000000e+03,2.049285534878368953e-01
1.051000000000000000e+03,1.051000000000000000e+03,3.163885521848774918e-01
2.359000000000000000e+03,2.359000000000000000e+03,2.119633765463302399e-01
6.291000000000000000e+03,6.291000000000000000e+03,2.617461485258196219e-01
7.026000000000000000e+03,7.026000000000000000e+03,2.282984153398472382e-01
7.109000000000000000e+03,7.109000000000000000e+03,1.681964257796667861e-01
3.190000000000000000e+03,3.190000000000000000e+03,3.282527755524921043e-01
6.413000000000000000e+03,6.413000000000000000e+03,2.601414708541540666e-01
4.817000000000000000e+03,4.817000000000000000e+03,1.834889059921438470e-01
1.844000000000000000e+03,1.844000000000000000e+03,8.225362523097375089e-02
3.102000000000000000e+03,3.102000000000000000e+03,2.096740105912833219e-01
4.866000000000000000e+03,4.866000000000000000e+03,3.039099089339079851e-02
1.987000000000000000e+03,1.987000000000000000e+03,3.013583359806570328e-01
1.817000000000000000e+03,1.817000000000000000e+03,3.726097650723372290e-01
5.705000000000000000e+03,5.705000000000000000e+03,1.488893799825553865e-01
7.747000000000000000e+03,7.747000000000000000e+03,2.476717639584339117e-02
2.291000000000000000e+03,2.291000000000000000e+03,2.218320903843142844e-01
4.340000000000000000e+02,4.340000000000000000e+02,-8.758668443522504843e-02
4.226000000000000000e+03,4.226000000000000000e+03,2.070964201056409160e-01
1.690000000000000000e+02,1.690000000000000000e+02,2.801448434105111573e-01
4.658000000000000000e+03,4.658000000000000000e+03,1.773977395450125616e-01
3.195000000000000000e+03,3.195000000000000000e+03,2.571164156223378905e-01
7.011000000000000000e+03,7.011000000000000000e+03,1.346023439541636502e-01
5.436000000000000000e+03,5.436000000000000000e+03,1.814788361529868221e-01
3.479000000000000000e+03,3.479000000000000000e+03,2.353446625174976381e-01
1.470000000000000000e+03,1.470000000000000000e+03,1.506426912020729647e-01
1.140000000000000000e+03,1.140000000000000000e+03,3.661140160357023166e-01
7.862000000000000000e+03,7.862000000000000000e+03,1.631780490001163708e-01
2.090000000000000000e+03,2.090000000000000000e+03,2.316988596580891735e-01
6.020000000000000000e+03,6.020000000000000000e+03,1.308155429797289715e-01
4.567000000000000000e+03,4.567000000000000000e+03,1.712180221409750625e-01
2.453000000000000000e+03,2.453000000000000000e+03,1.957544094332023810e-01
3.010000000000000000e+02,3.010000000000000000e+02,7.022498017627769318e-02
4.576000000000000000e+03,4.576000000000000000e+03,3.392571407699170871e-01
3.113000000000000000e+03,3.113000000000000000e+03,2.658706774799551864e-01
7.350000000000000000e+03,7.350000000000000000e+03,2.980623850639088079e-01
3.497000000000000000e+03,3.497000000000000000e+03,2.134694496696774024e-01
4.640000000000000000e+02,4.640000000000000000e+02,2.301436538351421812e-01
3.631000000000000000e+03,3.631000000000000000e+03,2.066125949604923351e-01
2.549000000000000000e+03,2.549000000000000000e+03,3.689167686986561390e-01
3.252000000000000000e+03,3.252000000000000000e+03,8.421260702673986909e-02
7.155000000000000000e+03,7.155000000000000000e+03,4.984886780596312073e-02
3.582000000000000000e+03,3.582000000000000000e+03,2.198346661365904453e-01
6.336000000000000000e+03,6.336000000000000000e+03,1.202170307506597174e-01
5.000000000000000000e+02,5.000000000000000000e+02,3.133213980354347949e-01
8.000000000000000000e+02,8.000000000000000000e+02,2.498489550461592268e-01
2.562000000000000000e+03,2.562000000000000000e+03,2.090501322460464328e-01
4.126000000000000000e+03,4.126000000000000000e+03,1.931231782938455377e-01
6.734000000000000000e+03,6.734000000000000000e+03,2.238835214682327879e-01
5.458000000000000000e+03,5.458000000000000000e+03,1.864285448377623333e-01
2.809000000000000000e+03,2.809000000000000000e+03,1.865221398412921783e-01
1.291000000000000000e+03,1.291000000000000000e+03,-8.085126773253126231e-02
2.158000000000000000e+03,2.158000000000000000e+03,1.915775253972429315e-01
5.598000000000000000e+03,5.598000000000000000e+03,2.607217994468380984e-01
5.045000000000000000e+03,5.045000000000000000e+03,1.668177749854876935e-01
7.430000000000000000e+02,7.430000000000000000e+02,9.880555517085863604e-02
7.490000000000000000e+03,7.490000000000000000e+03,3.042896386051948121e-01
3.338000000000000000e+03,3.338000000000000000e+03,2.197872433831923600e-01
4.099000000000000000e+03,4.099000000000000000e+03,3.578524874036842496e-01
4.627000000000000000e+03,4.627000000000000000e+03,2.068924764901505786e-01
5.773000000000000000e+03,5.773000000000000000e+03,1.249147733596451121e-01
2.554000000000000000e+03,2.554000000000000000e+03,2.844312223457295952e-01
4.447000000000000000e+03,4.447000000000000000e+03,1.820327203711365749e-01
3.670000000000000000e+03,3.670000000000000000e+03,2.508844791373532335e-01
8.660000000000000000e+02,8.660000000000000000e+02,1.916369810289869635e-01
3.575000000000000000e+03,3.575000000000000000e+03,1.863173173053655762e-01
4.404000000000000000e+03,4.404000000000000000e+03,7.406424234077786661e-02
4.029000000000000000e+03,4.029000000000000000e+03,1.717536652203618119e-01
3.776000000000000000e+03,3.776000000000000000e+03,2.855093652306723295e-01
7.620000000000000000e+03,7.620000000000000000e+03,9.181821153125346857e-02
1.507000000000000000e+03,1.507000000000000000e+03,1.207258045500378546e-01
3.374000000000000000e+03,3.374000000000000000e+03,2.194595997581279823e-01
6.353000000000000000e+03,6.353000000000000000e+03,1.462758469125525207e-01
3.878000000000000000e+03,3.878000000000000000e+03,-1.366531145261402555e-02
4.372000000000000000e+03,4.372000000000000000e+03,1.703992546254982365e-01
4.150000000000000000e+03,4.150000000000000000e+03,1.068067766765226356e-01
6.055000000000000000e+03,6.055000000000000000e+03,7.948132682471178989e-02
6.970000000000000000e+02,6.970000000000000000e+02,2.786145296116470660e-01
6.400000000000000000e+03,6.400000000000000000e+03,3.597206815187845574e-01
1.686000000000000000e+03,1.686000000000000000e+03,1.965301694682447253e-01
3.660000000000000000e+02,3.660000000000000000e+02,-2.276390820250287494e-02
6.708000000000000000e+03,6.708000000000000000e+03,2.234105794517704247e-01
1.050000000000000000e+03,1.050000000000000000e+03,-3.219941731339297317e-03
4.442000000000000000e+03,4.442000000000000000e+03,4.002624073534844507e-01
6.274000000000000000e+03,6.274000000000000000e+03,4.535408717453712907e-02
5.187000000000000000e+03,5.187000000000000000e+03,2.472950192955170601e-01
3.370000000000000000e+03,3.370000000000000000e+03,1.656466989543006196e-01
7.523000000000000000e+03,7.523000000000000000e+03,2.940059016560681582e-01
3.040000000000000000e+03,3.040000000000000000e+03,2.949977550037081730e-01
4.150000000000000000e+02,4.150000000000000000e+02,3.437394117743903799e-01
2.574000000000000000e+03,2.574000000000000000e+03,6.636038885119570352e-02
6.290000000000000000e+02,6.290000000000000000e+02,1.849386619090148953e-01
5.537000000000000000e+03,5.537000000000000000e+03,2.188554591257863835e-01
3.008000000000000000e+03,3.008000000000000000e+03,3.353948918502498433e-01
7.993000000000000000e+03,7.993000000000000000e+03,2.422099491749884481e-01
5.835000000000000000e+03,5.835000000000000000e+03,1.474370880436201570e-01
2.378000000000000000e+03,2.378000000000000000e+03,2.394632880075743195e-02
5.460000000000000000e+03,5.460000000000000000e+03,1.600973977114606150e-01
2.671000000000000000e+03,2.671000000000000000e+03,1.067031433361438769e-01
1.970000000000000000e+02,1.970000000000000000e+02,3.088303161380262507e-01
2.824000000000000000e+03,2.824000000000000000e+03,3.007467513245414836e-01
4.750000000000000000e+02,4.750000000000000000e+02,1.853059816619301581e-01
1.520000000000000000e+02,1.520000000000000000e+02,1.514593706058430245e-01
9.980000000000000000e+02,9.980000000000000000e+02,3.646631699612098293e-02
7.528000000000000000e+03,7.528000000000000000e+03,2.921067513506799274e-01
5.517000000000000000e+03,5.517000000000000000e+03,2.784722088612285318e-01
7.602000000000000000e+03,7.602000000000000000e+03,1.922863953831006889e-01
1.286000000000000000e+03,1.286000000000000000e+03,1.078775821359269360e-01
7.905000000000000000e+03,7.905000000000000000e+03,9.770555794085167278e-02
8.036000000000000000e+03,8.036000000000000000e+03,2.888026968418607732e-01
3.754000000000000000e+03,3.754000000000000000e+03,7.258602332509217492e-02
7.719000000000000000e+03,7.719000000000000000e+03,1.505690598538163283e-01
7.069000000000000000e+03,7.069000000000000000e+03,1.472486284790382183e-01
7.582000000000000000e+03,7.582000000000000000e+03,3.873051345162189518e-01
3.259000000000000000e+03,3.259000000000000000e+03,2.183267055377689225e-01
5.648000000000000000e+03,5.648000000000000000e+03,1.912566549569071350e-01
5.600000000000000000e+01,5.600000000000000000e+01,9.233506256664522627e-02
6.683000000000000000e+03,6.683000000000000000e+03,2.656567292517016399e-01
5.050000000000000000e+02,5.050000000000000000e+02,2.642749368214565298e-01
7.094000000000000000e+03,7.094000000000000000e+03,6.137346350592806643e-02
3.291000000000000000e+03,3.291000000000000000e+03,2.190740185403950158e-01
7.619000000000000000e+03,7.619000000000000000e+03,1.255718244695009089e-01
6.610000000000000000e+03,6.610000000000000000e+03,1.905683993935746723e-01
2.060000000000000000e+03,2.060000000000000000e+03,3.399900194208066995e-01
5.629000000000000000e+03,5.629000000000000000e+03,3.954194894220638967e-01
2.835000000000000000e+03,2.835000000000000000e+03,2.581226791211943539e-01
3.402000000000000000e+03,3.402000000000000000e+03,2.406379010867074897e-01
5.680000000000000000e+02,5.680000000000000000e+02,3.467326147979041262e-01
3.130000000000000000e+03,3.130000000000000000e+03,3.977441080507280180e-01
4.433000000000000000e+03,4.433000000000000000e+03,3.294883764427850026e-01
6.069000000000000000e+03,6.069000000000000000e+03,1.462944109808010651e-01
4.410000000000000000e+02,4.410000000000000000e+02,2.565568577986797050e-01
2.117000000000000000e+03,2.117000000000000000e+03,1.675713797047746409e-02
4.533000000000000000e+03,4.533000000000000000e+03,2.130355101548141727e-01
4.250000000000000000e+03,4.250000000000000000e+03,3.758597624020449390e-01
7.176000000000000000e+03,7.176000000000000000e+03,1.091710760995260737e-01
4.153000000000000000e+03,4.153000000000000000e+03,1.581124463159706839e-01
6.831000000000000000e+03,6.831000000000000000e+03,2.127511702225857726e-01
1.835000000000000000e+03,1.835000000000000000e+03,9.227129345177413622e-02
7.590000000000000000e+02,7.590000000000000000e+02,2.738960902218472437e-01
5.151000000000000000e+03,5.151000000000000000e+03,1.052216147060922313e-01
9.740000000000000000e+02,9.740000000000000000e+02,7.591226416972771118e-02
7.791000000000000000e+03,7.791000000000000000e+03,2.591202662652964950e-01
1.056000000000000000e+03,1.056000000000000000e+03,1.516338534300224750e-01
8.058000000000000000e+03,8.058000000000000000e+03,1.682564513916089133e-01
3.778000000000000000e+03,3.778000000000000000e+03,2.988244090696977606e-01
7.163000000000000000e+03,7.163000000000000000e+03,2.452566025734856658e-01
5.029000000000000000e+03,5.029000000000000000e+03,7.964992674548568297e-02
6.850000000000000000e+03,6.850000000000000000e+03,1.019063771755609471e-01
1.626000000000000000e+03,1.626000000000000000e+03,2.133379357719180913e-01
5.411000000000000000e+03,5.411000000000000000e+03,1.993198931861387968e-01
6.282000000000000000e+03,6.282000000000000000e+03,1.961038302342619499e-01
4.679000000000000000e+03,4.679000000000000000e+03,2.236655518092421913e-01
3.912000000000000000e+03,3.912000000000000000e+03,5.798172003829486776e-02
5.012000000000000000e+03,5.012000000000000000e+03,2.360961643924209818e-01
3.030000000000000000e+02,3.030000000000000000e+02,1.376523722308103936e-01
5.219000000000000000e+03,5.219000000000000000e+03,9.848419155058235619e-02
2.479000000000000000e+03,2.479000000000000000e+03,2.507934286078076225e-01
7.096000000000000000e+03,7.096000000000000000e+03,2.984143185574315016e-01
2.470000000000000000e+02,2.470000000000000000e+02,2.853853961931634431e-01
5.937000000000000000e+03,5.937000000000000000e+03,2.040974860804339319e-01
8.191000000000000000e+03,8.191000000000000000e+03,2.782561669378375568e-01
2.821000000000000000e+03,2.821000000000000000e+03,1.396516022606858476e-01
6.176000000000000000e+03,6.176000000000000000e+03,1.379178996380209798e-01
7.952000000000000000e+03,7.952000000000000000e+03,3.091651487632207096e-01
3.783000000000000000e+03,3.783000000000000000e+03,2.259264331437649820e-01
1.739000000000000000e+03,1.739000000000000000e+03,4.423182054908095240e-02
1.227000000000000000e+03,1.227000000000000000e+03,2.770488668934570908e-01
4.502000000000000000e+03,4.502000000000000000e+03,3.901851877879509989e-02
7.829000000000000000e+03,7.829000000000000000e+03,1.497066445864859985e-01
4.527000000000000000e+03,4.527000000000000000e+03,2.246584306886059423e-01
1.201000000000000000e+03,1.201000000000000000e+03,2.444376878710791678e-01
1.731000000000000000e+03,1.731000000000000000e+03,-3.116316058273095949e-02
6.754000000000000000e+03,6.754000000000000000e+03,2.056923438156739725e-01
3.021000000000000000e+03,3.021000000000000000e+03,7.486954537082964045e-02
6.912000000000000000e+03,6.912000000000000000e+03,2.936895183503039353e-01
4.619000000000000000e+03,4.619000000000000000e+03,8.695607156706472440e-02
7.277000000000000000e+03,7.277000000000000000e+03,4.119385525713118446e-01
6.332000000000000000e+03,6.332000000000000000e+03,2.105404123267494987e-01
1.316000000000000000e+03,1.316000000000000000e+03,1.819900273054333162e-01
2.877000000000000000e+03,2.877000000000000000e+03,1.796992594967933288e-01
6.295000000000000000e+03,6.295000000000000000e+03,2.044497632940662502e-01
2.890000000000000000e+02,2.890000000000000000e+02,-1.741929137257015522e-02
1.043000000000000000e+03,1.043000000000000000e+03,1.299282355827187374e-01
3.058000000000000000e+03,3.058000000000000000e+03,2.766674255870987809e-01
5.150000000000000000e+02,5.150000000000000000e+02,2.849076065924503465e-01
7.299000000000000000e+03,7.299000000000000000e+03,1.252453866347143230e-01
6.470000000000000000e+02,6.470000000000000000e+02,2.594706778865475960e-01
7.654000000000000000e+03,7.654000000000000000e+03,-2.617382367834354684e-02
7.165000000000000000e+03,7.165000000000000000e+03,2.611307099275236854e-01
5.036000000000000000e+03,5.036000000000000000e+03,2.163190366306074475e-01
3.791000000000000000e+03,3.791000000000000000e+03,2.987483286027669549e-01
5.879000000000000000e+03,5.879000000000000000e+03,2.605465789644154651e-01
7.693000000000000000e+03,7.693000000000000000e+03,2.699515583012774833e-01
1.284000000000000000e+03,1.284000000000000000e+03,9.240376997061433562e-02
1.964000000000000000e+03,1.964000000000000000e+03,1.724576310641468269e-01
2.732000000000000000e+03,2.732000000000000000e+03,1.597279092448437576e-01
3.828000000000000000e+03,3.828000000000000000e+03,6.537507751962610969e-02
7.674000000000000000e+03,7.674000000000000000e+03,2.599090411258392908e-01
4.950000000000000000e+02,4.950000000000000000e+02,4.158064561404894999e-01
5.907000000000000000e+03,5.907000000000000000e+03,3.027303167655955307e-01
6.728000000000000000e+03,6.728000000000000000e+03,1.741784389691094226e-01
4.562000000000000000e+03,4.562000000000000000e+03,5.694228925633382232e-02
5.950000000000000000e+03,5.950000000000000000e+03,1.177199293681273906e-01
1.299000000000000000e+03,1.299000000000000000e+03,8.186573728462828714e-02
3.071000000000000000e+03,3.071000000000000000e+03,9.094257099367693276e-02
7.514000000000000000e+03,7.514000000000000000e+03,3.780884149280278606e-01
7.643000000000000000e+03,7.643000000000000000e+03,2.935679412440416747e-01
7.571000000000000000e+03,7.571000000000000000e+03,1.442526656992871859e-01
1.570000000000000000e+02,1.570000000000000000e+02,4.124552044358905101e-01
6.626000000000000000e+03,6.626000000000000000e+03,4.866868184033799061e-01
1.754000000000000000e+03,1.754000000000000000e+03,2.887679175595339043e-01
1.441000000000000000e+03,1.441000000000000000e+03,2.800580317924616369e-01
1.124000000000000000e+03,1.124000000000000000e+03,2.143593811139376248e-01
7.759000000000000000e+03,7.759000000000000000e+03,5.898415362253479621e-01
1.895000000000000000e+03,1.895000000000000000e+03,1.461350409957589414e-01
2.383000000000000000e+03,2.383000000000000000e+03,1.890002729046750263e-01
3.429000000000000000e+03,3.429000000000000000e+03,2.047244581447539846e-01
6.981000000000000000e+03,6.981000000000000000e+03,1.809124647837370981e-01
7.336000000000000000e+03,7.336000000000000000e+03,1.206874784322167354e-01
8.051000000000000000e+03,8.051000000000000000e+03,1.308347857667948311e-01
2.249000000000000000e+03,2.249000000000000000e+03,2.724732733770675042e-01
3.318000000000000000e+03,3.318000000000000000e+03,2.683308529558600664e-01
5.150000000000000000e+03,5.150000000000000000e+03,1.055959362284369790e-01
2.384000000000000000e+03,2.384000000000000000e+03,1.451177682830041560e-01
7.630000000000000000e+02,7.630000000000000000e+02,1.657937436874160342e-01
5.441000000000000000e+03,5.441000000000000000e+03,3.310676463767615041e-01
3.940000000000000000e+02,3.940000000000000000e+02,3.478314499114664171e-01
2.310000000000000000e+03,2.310000000000000000e+03,2.012596547143773451e-01
2.729000000000000000e+03,2.729000000000000000e+03,2.011765205955849956e-01
5.220000000000000000e+03,5.220000000000000000e+03,2.641779794861924824e-01
2.082000000000000000e+03,2.082000000000000000e+03,1.650217285321241012e-01
6.757000000000000000e+03,6.757000000000000000e+03,3.337423199567626231e-01
7.141000000000000000e+03,7.141000000000000000e+03,2.339086158650482139e-01
7.800000000000000000e+01,7.800000000000000000e+01,2.127087838850272583e-01
3.289000000000000000e+03,3.289000000000000000e+03,1.315093650110191019e-02
6.498000000000000000e+03,6.498000000000000000e+03,4.048173423141722682e-01
6.018000000000000000e+03,6.018000000000000000e+03,1.401469531245221056e-01
4.570000000000000000e+03,4.570000000000000000e+03,2.030592041065281683e-01
4.094000000000000000e+03,4.094000000000000000e+03,2.045587126257484845e-01
3.572000000000000000e+03,3.572000000000000000e+03,2.072290345380161103e-01
2.580000000000000000e+02,2.580000000000000000e+02,2.225313381425103598e-01
7.489000000000000000e+03,7.489000000000000000e+03,1.694734047314997577e-02
4.725000000000000000e+03,4.725000000000000000e+03,3.570518671875602679e-01
6.663000000000000000e+03,6.663000000000000000e+03,1.673078613180762342e-01
1.486000000000000000e+03,1.486000000000000000e+03,1.401806287430218401e-01
4.306000000000000000e+03,4.306000000000000000e+03,2.581957235511120885e-01
7.017000000000000000e+03,7.017000000000000000e+03,-1.081197045124193679e-01
3.440000000000000000e+02,3.440000000000000000e+02,2.876362166145865484e-01
5.379000000000000000e+03,5.379000000000000000e+03,1.318716291794402862e-01
7.741000000000000000e+03,7.741000000000000000e+03,1.252165011668842087e-01
6.110000000000000000e+03,6.110000000000000000e+03,1.911819346546722587e-01
2.240000000000000000e+03,2.240000000000000000e+03,3.546070048510382988e-01
7.058000000000000000e+03,7.058000000000000000e+03,6.007488090964230310e-02
2.163000000000000000e+03,2.163000000000000000e+03,2.082325496011634414e-01
3.689000000000000000e+03,3.689000000000000000e+03,5.473930200111842836e-02
1.962000000000000000e+03,1.962000000000000000e+03,1.232906897897126652e-01
3.244000000000000000e+03,3.244000000000000000e+03,2.044585658310134335e-01
4.695000000000000000e+03,4.695000000000000000e+03,4.025969162634705778e-02
6.380000000000000000e+03,6.380000000000000000e+03,8.176642534913196314e-02
3.251000000000000000e+03,3.251000000000000000e+03,2.746116472394782293e-01
6.790000000000000000e+03,6.790000000000000000e+03,3.699152063687694003e-01
1.138000000000000000e+03,1.138000000000000000e+03,-4.184438972831677761e-02
6.264000000000000000e+03,6.264000000000000000e+03,1.716872707381712493e-01
5.758000000000000000e+03,5.758000000000000000e+03,2.464898042057289129e-01
3.009000000000000000e+03,3.009000000000000000e+03,2.830454059180348980e-01
5.595000000000000000e+03,5.595000000000000000e+03,2.094569687750215126e-01
3.614000000000000000e+03,3.614000000000000000e+03,8.007777416921195435e-02
3.682000000000000000e+03,3.682000000000000000e+03,1.236119301954404504e-01
7.352000000000000000e+03,7.352000000000000000e+03,3.374480654868877161e-01
4.640000000000000000e+03,4.640000000000000000e+03,1.506042405609760437e-01
6.651000000000000000e+03,6.651000000000000000e+03,5.516411482903839023e-03
7.179000000000000000e+03,7.179000000000000000e+03,2.154170501098865709e-01
7.874000000000000000e+03,7.874000000000000000e+03,2.449633529137107968e-01
5.568000000000000000e+03,5.568000000000000000e+03,2.287484010279839941e-01
7.559000000000000000e+03,7.559000000000000000e+03,2.553901250653631272e-01
4.550000000000000000e+03,4.550000000000000000e+03,2.484183416582199655e-01
1.117000000000000000e+03,1.117000000000000000e+03,2.193826681702363834e-01
1.392000000000000000e+03,1.392000000000000000e+03,3.815206078997029349e-01
3.699000000000000000e+03,3.699000000000000000e+03,2.601758546716427811e-01
4.620000000000000000e+03,4.620000000000000000e+03,6.986909279551890839e-02
5.332000000000000000e+03,5.332000000000000000e+03,3.269547469393321859e-01
6.810000000000000000e+03,6.810000000000000000e+03,3.144281751376559186e-01
6.120000000000000000e+02,6.120000000000000000e+02,1.983464484151164706e-02
8.081000000000000000e+03,8.081000000000000000e+03,-2.655390747127538142e-02
2.099000000000000000e+03,2.099000000000000000e+03,2.365890766760920250e-01
6.238000000000000000e+03,6.238000000000000000e+03,9.268095241270302154e-02
6.445000000000000000e+03,6.445000000000000000e+03,9.331219632567522293e-02
8.112000000000000000e+03,8.112000000000000000e+03,4.227150485390001045e-01
2.160000000000000000e+02,2.160000000000000000e+02,3.559452096952327449e-01
2.745000000000000000e+03,2.745000000000000000e+03,2.127963884419016571e-01
7.800000000000000000e+02,7.800000000000000000e+02,9.139407545679638367e-02
4.967000000000000000e+03,4.967000000000000000e+03,3.594282315187931065e-01
6.682000000000000000e+03,6.682000000000000000e+03,2.548926946259767456e-01
5.603000000000000000e+03,5.603000000000000000e+03,2.043455469192540508e-01
6.706000000000000000e+03,6.706000000000000000e+03,3.573115763583662452e-01
5.072000000000000000e+03,5.072000000000000000e+03,2.492915242701482237e-01
6.175000000000000000e+03,6.175000000000000000e+03,1.801781216835233457e-01
4.669000000000000000e+03,4.669000000000000000e+03,1.168722447866442082e-01
5.443000000000000000e+03,5.443000000000000000e+03,3.451881222670838412e-01
6.558000000000000000e+03,6.558000000000000000e+03,1.153954039917888669e-01
7.019000000000000000e+03,7.019000000000000000e+03,8.973380706553356345e-02
7.169000000000000000e+03,7.169000000000000000e+03,1.592466913047926313e-01
2.970000000000000000e+03,2.970000000000000000e+03,1.032740256236323040e-01
7.376000000000000000e+03,7.376000000000000000e+03,3.501616453210457114e-02
2.109000000000000000e+03,2.109000000000000000e+03,-1.030019668648761433e-02
7.327000000000000000e+03,7.327000000000000000e+03,-3.771833424497905013e-02
2.074000000000000000e+03,2.074000000000000000e+03,1.952569108657353503e-01
2.116000000000000000e+03,2.116000000000000000e+03,2.725030195929856736e-01
3.540000000000000000e+02,3.540000000000000000e+02,1.221734852705319563e-01
6.524000000000000000e+03,6.524000000000000000e+03,2.221591671416119906e-01
8.061000000000000000e+03,8.061000000000000000e+03,1.344446081099194557e-01
6.294000000000000000e+03,6.294000000000000000e+03,2.812398756144178780e-01
3.895000000000000000e+03,3.895000000000000000e+03,3.100908473859552705e-01
6.088000000000000000e+03,6.088000000000000000e+03,1.698680784377862851e-01
5.580000000000000000e+02,5.580000000000000000e+02,2.101185767029008500e-01
1.566000000000000000e+03,1.566000000000000000e+03,1.897194872940770605e-01
1.311000000000000000e+03,1.311000000000000000e+03,1.778942610573066296e-01
4.046000000000000000e+03,4.046000000000000000e+03,3.236273549209352229e-02
6.618000000000000000e+03,6.618000000000000000e+03,3.992441992515160520e-01
7.730000000000000000e+02,7.730000000000000000e+02,2.306510327443678787e-01
8.910000000000000000e+02,8.910000000000000000e+02,5.302028072613346188e-02
9.020000000000000000e+02,9.020000000000000000e+02,1.459296945170284465e-01
2.191000000000000000e+03,2.191000000000000000e+03,2.257868635787575740e-01
7.583000000000000000e+03,7.583000000000000000e+03,-3.986927176814197837e-02
2.700000000000000000e+03,2.700000000000000000e+03,3.713141679887869140e-01
3.238000000000000000e+03,3.238000000000000000e+03,1.596776534867208608e-01
7.656000000000000000e+03,7.656000000000000000e+03,1.555479368732805012e-01
4.200000000000000000e+01,4.200000000000000000e+01,1.789264037142757058e-01
4.931000000000000000e+03,4.931000000000000000e+03,3.551206653902860833e-01
2.253000000000000000e+03,2.253000000000000000e+03,1.348724587984526657e-01
1.531000000000000000e+03,1.531000000000000000e+03,6.303948610212614656e-02
2.486000000000000000e+03,2.486000000000000000e+03,2.032339969076814856e-01
6.567000000000000000e+03,6.567000000000000000e+03,1.442298405896859370e-01
1.236000000000000000e+03,1.236000000000000000e+03,1.543091402371453147e-01
5.495000000000000000e+03,5.495000000000000000e+03,1.649010703450193571e-01
6.359000000000000000e+03,6.359000000000000000e+03,4.971455634232016529e-01
3.307000000000000000e+03,3.307000000000000000e+03,2.851122953345541222e-01
4.016000000000000000e+03,4.016000000000000000e+03,1.748328588161341124e-01
2.439000000000000000e+03,2.439000000000000000e+03,-6.160697351914826841e-03
7.380000000000000000e+02,7.380000000000000000e+02,1.767243373623631209e-01
6.693000000000000000e+03,6.693000000000000000e+03,4.629938116645674478e-02
5.657000000000000000e+03,5.657000000000000000e+03,1.429469423894874358e-01
1.633000000000000000e+03,1.633000000000000000e+03,1.556141546247814533e-01
7.097000000000000000e+03,7.097000000000000000e+03,2.074173050207901159e-01
1.956000000000000000e+03,1.956000000000000000e+03,6.122803038770877060e-02
1.386000000000000000e+03,1.386000000000000000e+03,2.376096633483890941e-01
2.660000000000000000e+02,2.660000000000000000e+02,1.737244791793659260e-01
3.298000000000000000e+03,3.298000000000000000e+03,2.259434200822562078e-01
5.303000000000000000e+03,5.303000000000000000e+03,2.536890209874342883e-01
4.154000000000000000e+03,4.154000000000000000e+03,2.649224520294996693e-02
4.095000000000000000e+03,4.095000000000000000e+03,1.236591198473134395e-01
7.178000000000000000e+03,7.178000000000000000e+03,2.433967971908597983e-01
4.752000000000000000e+03,4.752000000000000000e+03,1.327503108765425710e-01
2.412000000000000000e+03,2.412000000000000000e+03,-1.277151618791538823e-02
6.590000000000000000e+03,6.590000000000000000e+03,2.989343860878172082e-02
1.736000000000000000e+03,1.736000000000000000e+03,1.976257487725971984e-01
5.771000000000000000e+03,5.771000000000000000e+03,1.277474488653836115e-01
4.063000000000000000e+03,4.063000000000000000e+03,-1.480468629062562172e-02
5.790000000000000000e+02,5.790000000000000000e+02,9.379113315232586248e-03
4.729000000000000000e+03,4.729000000000000000e+03,2.409495001916374390e-01
2.827000000000000000e+03,2.827000000000000000e+03,2.674360074738771909e-01
2.954000000000000000e+03,2.954000000000000000e+03,2.934449982724721129e-01
2.500000000000000000e+03,2.500000000000000000e+03,1.545353459726063750e-01
8.040000000000000000e+03,8.040000000000000000e+03,4.056315413569093753e-01
2.161000000000000000e+03,2.161000000000000000e+03,1.770833632616069520e-01
7.980000000000000000e+02,7.980000000000000000e+02,3.261212228833416105e-01
5.802000000000000000e+03,5.802000000000000000e+03,3.454577156326048559e-01
6.143000000000000000e+03,6.143000000000000000e+03,2.728134020925398473e-01
1.692000000000000000e+03,1.692000000000000000e+03,1.093098966791817145e-01
1.100000000000000000e+01,1.100000000000000000e+01,2.986689214823291805e-02
2.570000000000000000e+02,2.570000000000000000e+02,1.631128206205254005e-01
1.000000000000000000e+02,1.000000000000000000e+02,2.470888839815519600e-01
5.892000000000000000e+03,5.892000000000000000e+03,1.052716018608065990e-01
5.636000000000000000e+03,5.636000000000000000e+03,9.338965763481910098e-02
6.268000000000000000e+03,6.268000000000000000e+03,2.012938712124630602e-01
1.749000000000000000e+03,1.749000000000000000e+03,2.181872942818935679e-01
5.341000000000000000e+03,5.341000000000000000e+03,1.903435275237941315e-01
2.032000000000000000e+03,2.032000000000000000e+03,3.232323123126301101e-01
3.417000000000000000e+03,3.417000000000000000e+03,9.412772088779070012e-02
4.346000000000000000e+03,4.346000000000000000e+03,2.128214686867139216e-01
7.848000000000000000e+03,7.848000000000000000e+03,2.107176282513679721e-01
8.890000000000000000e+02,8.890000000000000000e+02,2.011372254340441368e-01
1.942000000000000000e+03,1.942000000000000000e+03,2.876114805025010712e-01
7.541000000000000000e+03,7.541000000000000000e+03,3.261312647218917449e-01
7.075000000000000000e+03,7.075000000000000000e+03,2.215785102998146239e-01
1.541000000000000000e+03,1.541000000000000000e+03,2.535504717769168637e-01
5.190000000000000000e+02,5.190000000000000000e+02,1.077754702826839578e-01
7.501000000000000000e+03,7.501000000000000000e+03,1.913123714601679959e-01
2.111000000000000000e+03,2.111000000000000000e+03,1.397340926968737296e-01
6.418000000000000000e+03,6.418000000000000000e+03,2.780304355115963411e-01
3.782000000000000000e+03,3.782000000000000000e+03,4.242446280486466548e-01
8.720000000000000000e+02,8.720000000000000000e+02,1.682824721514606103e-01
4.476000000000000000e+03,4.476000000000000000e+03,1.047853139369479825e-01
3.907000000000000000e+03,3.907000000000000000e+03,3.569104231214727529e-01
9.480000000000000000e+02,9.480000000000000000e+02,2.319399042855271875e-01
5.778000000000000000e+03,5.778000000000000000e+03,7.611075871156325334e-02
5.842000000000000000e+03,5.842000000000000000e+03,2.067072154717025934e-01
5.799000000000000000e+03,5.799000000000000000e+03,-8.855021008636089486e-03
4.506000000000000000e+03,4.506000000000000000e+03,1.044104029692348445e-01
1.644000000000000000e+03,1.644000000000000000e+03,2.800908751827830279e-01
7.972000000000000000e+03,7.972000000000000000e+03,3.290893390638757188e-01
4.460000000000000000e+03,4.460000000000000000e+03,1.310089749476600895e-01
1.790000000000000000e+03,1.790000000000000000e+03,1.431231285592993452e-01
2.083000000000000000e+03,2.083000000000000000e+03,2.415492119791313730e-01
7.997000000000000000e+03,7.997000000000000000e+03,2.188408600254339864e-01
7.623000000000000000e+03,7.623000000000000000e+03,1.304895734061481960e-01
4.350000000000000000e+03,4.350000000000000000e+03,2.236346552913158481e-01
4.015000000000000000e+03,4.015000000000000000e+03,1.336909544853789877e-01
1.152000000000000000e+03,1.152000000000000000e+03,1.364416468579907234e-02
3.153000000000000000e+03,3.153000000000000000e+03,3.003875425122071521e-02
1.890000000000000000e+03,1.890000000000000000e+03,2.191975159219758107e-01
4.667000000000000000e+03,4.667000000000000000e+03,1.571650645201100316e-01
8.099000000000000000e+03,8.099000000000000000e+03,5.805843232689202743e-02
4.390000000000000000e+02,4.390000000000000000e+02,2.801455975626426231e-01
3.330000000000000000e+02,3.330000000000000000e+02,1.348493432968547179e-01
3.936000000000000000e+03,3.936000000000000000e+03,7.740420282340919333e-02
2.080000000000000000e+03,2.080000000000000000e+03,2.349351590033569304e-01
5.642000000000000000e+03,5.642000000000000000e+03,1.537102877178316840e-01
5.564000000000000000e+03,5.564000000000000000e+03,3.678577814797562850e-01
6.879000000000000000e+03,6.879000000000000000e+03,1.707484365206290711e-01
5.404000000000000000e+03,5.404000000000000000e+03,2.192695852566707848e-01
4.416000000000000000e+03,4.416000000000000000e+03,1.150644997910830886e-01
6.263000000000000000e+03,6.263000000000000000e+03,1.673067129243203111e-01
7.752000000000000000e+03,7.752000000000000000e+03,1.522756763968343696e-01
2.118000000000000000e+03,2.118000000000000000e+03,1.933546479482943781e-01
1.994000000000000000e+03,1.994000000000000000e+03,6.269307417188561826e-02
2.129000000000000000e+03,2.129000000000000000e+03,2.042425108279284640e-01
3.600000000000000000e+02,3.600000000000000000e+02,4.800745170491358405e-01
8.390000000000000000e+02,8.390000000000000000e+02,2.719929662433999695e-01
2.780000000000000000e+03,2.780000000000000000e+03,7.300164984913803945e-02
7.510000000000000000e+02,7.510000000000000000e+02,1.485086098776109420e-01
6.868000000000000000e+03,6.868000000000000000e+03,1.939760751513281145e-01
3.419000000000000000e+03,3.419000000000000000e+03,1.952575415446747842e-01
3.554000000000000000e+03,3.554000000000000000e+03,4.027111978808173287e-01
6.214000000000000000e+03,6.214000000000000000e+03,2.440306367938687993e-01
6.152000000000000000e+03,6.152000000000000000e+03,1.308102453216701544e-01
3.250000000000000000e+02,3.250000000000000000e+02,1.742092713425926476e-01
4.835000000000000000e+03,4.835000000000000000e+03,3.088615878565410533e-01
9.070000000000000000e+02,9.070000000000000000e+02,2.066824614758372702e-01
8.039000000000000000e+03,8.039000000000000000e+03,4.421456964586341354e-02
5.760000000000000000e+03,5.760000000000000000e+03,4.703968481120366918e-01
7.450000000000000000e+02,7.450000000000000000e+02,1.554372814493619193e-01
4.473000000000000000e+03,4.473000000000000000e+03,2.118820985016926783e-01
4.260000000000000000e+02,4.260000000000000000e+02,9.227744094267119335e-02
6.483000000000000000e+03,6.483000000000000000e+03,2.590330060583615479e-01
5.294000000000000000e+03,5.294000000000000000e+03,2.367269066830143820e-01
5.678000000000000000e+03,5.678000000000000000e+03,2.684023802322957342e-01
7.600000000000000000e+01,7.600000000000000000e+01,3.087864360112946294e-01
3.250000000000000000e+03,3.250000000000000000e+03,4.574458068830654089e-01
5.262000000000000000e+03,5.262000000000000000e+03,3.670283827549785105e-01
5.618000000000000000e+03,5.618000000000000000e+03,2.155608429021230732e-01
6.360000000000000000e+03,6.360000000000000000e+03,3.475448315530373922e-01
3.163000000000000000e+03,3.163000000000000000e+03,1.705432837424039894e-01
3.434000000000000000e+03,3.434000000000000000e+03,1.939867679695349845e-01
4.585000000000000000e+03,4.585000000000000000e+03,1.168478444448687315e-01
6.777000000000000000e+03,6.777000000000000000e+03,3.790419326858603111e-02
3.382000000000000000e+03,3.382000000000000000e+03,-1.134195923837791678e-02
3.889000000000000000e+03,3.889000000000000000e+03,3.531700147713106031e-01
3.513000000000000000e+03,3.513000000000000000e+03,2.978853717951577829e-01
1.750000000000000000e+02,1.750000000000000000e+02,1.145606093584098234e-01
4.710000000000000000e+03,4.710000000000000000e+03,3.024584892526415714e-01
5.445000000000000000e+03,5.445000000000000000e+03,7.341293204091252356e-02
7.822000000000000000e+03,7.822000000000000000e+03,1.688792453724961840e-01
7.112000000000000000e+03,7.112000000000000000e+03,2.374013102425576727e-01
6.566000000000000000e+03,6.566000000000000000e+03,1.239382880303788598e-01
4.925000000000000000e+03,4.925000000000000000e+03,2.531253765619285723e-01
1.693000000000000000e+03,1.693000000000000000e+03,3.851459668884698040e-01
3.706000000000000000e+03,3.706000000000000000e+03,1.640917857310856265e-01
2.949000000000000000e+03,2.949000000000000000e+03,2.666025187919247030e-01
5.000000000000000000e+00,5.000000000000000000e+00,3.529349214365529730e-01
8.470000000000000000e+02,8.470000000000000000e+02,1.319589562706844077e-01
7.375000000000000000e+03,7.375000000000000000e+03,6.925730838393699684e-02
1.176000000000000000e+03,1.176000000000000000e+03,4.256785230901187767e-01
2.898000000000000000e+03,2.898000000000000000e+03,1.019176519300677985e-01
1.479000000000000000e+03,1.479000000000000000e+03,2.607037335612936158e-01
3.091000000000000000e+03,3.091000000000000000e+03,6.578794834893975096e-02
1.609000000000000000e+03,1.609000000000000000e+03,1.065008963237296102e-01
6.182000000000000000e+03,6.182000000000000000e+03,2.738291511322252791e-01
5.155000000000000000e+03,5.155000000000000000e+03,2.542211824095260142e-01
7.703000000000000000e+03,7.703000000000000000e+03,3.046813777783279886e-01
1.772000000000000000e+03,1.772000000000000000e+03,-4.336439531267344966e-02
7.220000000000000000e+03,7.220000000000000000e+03,4.323187999428537015e-02
4.626000000000000000e+03,4.626000000000000000e+03,1.741972584892391707e-01
5.982000000000000000e+03,5.982000000000000000e+03,1.159279895001660010e-01
2.340000000000000000e+03,2.340000000000000000e+03,3.277288772494352243e-01
4.477000000000000000e+03,4.477000000000000000e+03,1.875055209530092637e-01
5.824000000000000000e+03,5.824000000000000000e+03,2.997767215565575460e-01
2.690000000000000000e+02,2.690000000000000000e+02,1.191135429069389851e-01
6.000000000000000000e+01,6.000000000000000000e+01,3.219198371698546168e-01
3.320000000000000000e+03,3.320000000000000000e+03,9.010515652562484101e-02
6.066000000000000000e+03,6.066000000000000000e+03,6.929772668394534874e-02
3.144000000000000000e+03,3.144000000000000000e+03,4.434434536703916185e-01
4.975000000000000000e+03,4.975000000000000000e+03,3.363750668788877407e-01
3.371000000000000000e+03,3.371000000000000000e+03,8.687389956665900193e-02
7.612000000000000000e+03,7.612000000000000000e+03,2.850392333104443399e-01
2.103000000000000000e+03,2.103000000000000000e+03,-1.073892437626610546e-01
7.964000000000000000e+03,7.964000000000000000e+03,2.926470523733168405e-01
7.293000000000000000e+03,7.293000000000000000e+03,1.667618617356192989e-01
5.300000000000000000e+03,5.300000000000000000e+03,1.842146472770431198e-01
1.234000000000000000e+03,1.234000000000000000e+03,1.502790515247790226e-01
2.864000000000000000e+03,2.864000000000000000e+03,5.264447496928549297e-01
7.418000000000000000e+03,7.418000000000000000e+03,1.183975350036948065e-01
